PIPELINE,ALGO_NAME,STACK_FLG,PP_FLAG,SCORE,HYPER_NAME,HYPER_TYPE,HYPER_VALUE
1.0,adaboostregressor,N,N,4.376542069773388,base_estimator,N,
1.0,adaboostregressor,N,N,4.376542069773388,learning_rate,N,0.01
1.0,adaboostregressor,N,N,4.376542069773388,loss,C,linear
1.0,adaboostregressor,N,N,4.376542069773388,n_estimators,N,100
1.0,adaboostregressor,N,N,4.376542069773388,random_state,N,
2.0,adaboostregressor,N,N,4.339522836626471,base_estimator,N,
2.0,adaboostregressor,N,N,4.339522836626471,learning_rate,N,0.01
2.0,adaboostregressor,N,N,4.339522836626471,loss,C,square
2.0,adaboostregressor,N,N,4.339522836626471,n_estimators,N,100
2.0,adaboostregressor,N,N,4.339522836626471,random_state,N,
3.0,binarizer,N,Y,7.970957903240288,copy,C,True
3.0,binarizer,N,Y,7.970957903240288,threshold,N,0.2
3.0,decisiontreeregressor,N,N,7.970957903240288,criterion,C,mse
3.0,decisiontreeregressor,N,N,7.970957903240288,max_depth,N,2
3.0,decisiontreeregressor,N,N,7.970957903240288,max_features,N,
3.0,decisiontreeregressor,N,N,7.970957903240288,max_leaf_nodes,N,
3.0,decisiontreeregressor,N,N,7.970957903240288,min_impurity_decrease,N,0.0
3.0,decisiontreeregressor,N,N,7.970957903240288,min_impurity_split,N,
3.0,decisiontreeregressor,N,N,7.970957903240288,min_samples_leaf,N,8
3.0,decisiontreeregressor,N,N,7.970957903240288,min_samples_split,N,3
3.0,decisiontreeregressor,N,N,7.970957903240288,min_weight_fraction_leaf,N,0.0
3.0,decisiontreeregressor,N,N,7.970957903240288,presort,C,False
3.0,decisiontreeregressor,N,N,7.970957903240288,random_state,N,
3.0,decisiontreeregressor,N,N,7.970957903240288,splitter,C,best
4.0,binarizer,N,Y,7.999232514465274,copy,C,True
4.0,binarizer,N,Y,7.999232514465274,threshold,N,0.2
4.0,featureagglomeration,N,Y,7.999232514465274,affinity,C,l1
4.0,featureagglomeration,N,Y,7.999232514465274,compute_full_tree,C,auto
4.0,featureagglomeration,N,Y,7.999232514465274,connectivity,N,
4.0,featureagglomeration,N,Y,7.999232514465274,distance_threshold,N,
4.0,featureagglomeration,N,Y,7.999232514465274,linkage,C,average
4.0,featureagglomeration,N,Y,7.999232514465274,memory,N,
4.0,featureagglomeration,N,Y,7.999232514465274,n_clusters,N,2
4.0,featureagglomeration,N,Y,7.999232514465274,pooling_func,N,<function mean at 0x1135ba950>
4.0,decisiontreeregressor,N,N,7.999232514465274,criterion,C,mse
4.0,decisiontreeregressor,N,N,7.999232514465274,max_depth,N,2
4.0,decisiontreeregressor,N,N,7.999232514465274,max_features,N,
4.0,decisiontreeregressor,N,N,7.999232514465274,max_leaf_nodes,N,
4.0,decisiontreeregressor,N,N,7.999232514465274,min_impurity_decrease,N,0.0
4.0,decisiontreeregressor,N,N,7.999232514465274,min_impurity_split,N,
4.0,decisiontreeregressor,N,N,7.999232514465274,min_samples_leaf,N,8
4.0,decisiontreeregressor,N,N,7.999232514465274,min_samples_split,N,3
4.0,decisiontreeregressor,N,N,7.999232514465274,min_weight_fraction_leaf,N,0.0
4.0,decisiontreeregressor,N,N,7.999232514465274,presort,C,False
4.0,decisiontreeregressor,N,N,7.999232514465274,random_state,N,
4.0,decisiontreeregressor,N,N,7.999232514465274,splitter,C,best
5.0,extratreesregressor,N,N,6.445808527348447,bootstrap,C,True
5.0,extratreesregressor,N,N,6.445808527348447,criterion,C,mse
5.0,extratreesregressor,N,N,6.445808527348447,max_depth,N,
5.0,extratreesregressor,N,N,6.445808527348447,max_features,N,0.2
5.0,extratreesregressor,N,N,6.445808527348447,max_leaf_nodes,N,
5.0,extratreesregressor,N,N,6.445808527348447,min_impurity_decrease,N,0.0
5.0,extratreesregressor,N,N,6.445808527348447,min_impurity_split,N,
5.0,extratreesregressor,N,N,6.445808527348447,min_samples_leaf,N,7
5.0,extratreesregressor,N,N,6.445808527348447,min_samples_split,N,7
5.0,extratreesregressor,N,N,6.445808527348447,min_weight_fraction_leaf,N,0.0
5.0,extratreesregressor,N,N,6.445808527348447,n_estimators,N,100
5.0,extratreesregressor,N,N,6.445808527348447,n_jobs,N,
5.0,extratreesregressor,N,N,6.445808527348447,oob_score,C,False
5.0,extratreesregressor,N,N,6.445808527348447,random_state,N,
5.0,extratreesregressor,N,N,6.445808527348447,verbose,N,0
5.0,extratreesregressor,N,N,6.445808527348447,warm_start,C,False
6.0,minmaxscaler,N,Y,6.362179143438306,copy,C,True
6.0,minmaxscaler,N,Y,6.362179143438306,feature_range,N,"(0, 1)"
6.0,kneighborsregressor,N,N,6.362179143438306,algorithm,C,auto
6.0,kneighborsregressor,N,N,6.362179143438306,leaf_size,N,30
6.0,kneighborsregressor,N,N,6.362179143438306,metric,C,minkowski
6.0,kneighborsregressor,N,N,6.362179143438306,metric_params,N,
6.0,kneighborsregressor,N,N,6.362179143438306,n_jobs,N,
6.0,kneighborsregressor,N,N,6.362179143438306,n_neighbors,N,82
6.0,kneighborsregressor,N,N,6.362179143438306,p,N,1
6.0,kneighborsregressor,N,N,6.362179143438306,weights,C,distance
7.0,kneighborsregressor,N,N,5.897992349782497,algorithm,C,auto
7.0,kneighborsregressor,N,N,5.897992349782497,leaf_size,N,30
7.0,kneighborsregressor,N,N,5.897992349782497,metric,C,minkowski
7.0,kneighborsregressor,N,N,5.897992349782497,metric_params,N,
7.0,kneighborsregressor,N,N,5.897992349782497,n_jobs,N,
7.0,kneighborsregressor,N,N,5.897992349782497,n_neighbors,N,22
7.0,kneighborsregressor,N,N,5.897992349782497,p,N,1
7.0,kneighborsregressor,N,N,5.897992349782497,weights,C,distance
8.0,kneighborsregressor_stack,Y,N,5.758817755785211,algorithm,C,auto
8.0,kneighborsregressor_stack,Y,N,5.758817755785211,leaf_size,N,30
8.0,kneighborsregressor_stack,Y,N,5.758817755785211,metric,C,minkowski
8.0,kneighborsregressor_stack,Y,N,5.758817755785211,metric_params,N,
8.0,kneighborsregressor_stack,Y,N,5.758817755785211,n_jobs,N,
8.0,kneighborsregressor_stack,Y,N,5.758817755785211,n_neighbors,N,4
8.0,kneighborsregressor_stack,Y,N,5.758817755785211,p,N,2
8.0,kneighborsregressor_stack,Y,N,5.758817755785211,weights,C,uniform
8.0,randomforestregressor,N,N,5.758817755785211,bootstrap,C,False
8.0,randomforestregressor,N,N,5.758817755785211,criterion,C,mse
8.0,randomforestregressor,N,N,5.758817755785211,max_depth,N,
8.0,randomforestregressor,N,N,5.758817755785211,max_features,N,0.05
8.0,randomforestregressor,N,N,5.758817755785211,max_leaf_nodes,N,
8.0,randomforestregressor,N,N,5.758817755785211,min_impurity_decrease,N,0.0
8.0,randomforestregressor,N,N,5.758817755785211,min_impurity_split,N,
8.0,randomforestregressor,N,N,5.758817755785211,min_samples_leaf,N,16
8.0,randomforestregressor,N,N,5.758817755785211,min_samples_split,N,18
8.0,randomforestregressor,N,N,5.758817755785211,min_weight_fraction_leaf,N,0.0
8.0,randomforestregressor,N,N,5.758817755785211,n_estimators,N,100
8.0,randomforestregressor,N,N,5.758817755785211,n_jobs,N,
8.0,randomforestregressor,N,N,5.758817755785211,oob_score,C,False
8.0,randomforestregressor,N,N,5.758817755785211,random_state,N,
8.0,randomforestregressor,N,N,5.758817755785211,verbose,N,0
8.0,randomforestregressor,N,N,5.758817755785211,warm_start,C,False
9.0,kneighborsregressor_stack,Y,N,5.336420654943252,algorithm,C,auto
9.0,kneighborsregressor_stack,Y,N,5.336420654943252,leaf_size,N,30
9.0,kneighborsregressor_stack,Y,N,5.336420654943252,metric,C,minkowski
9.0,kneighborsregressor_stack,Y,N,5.336420654943252,metric_params,N,
9.0,kneighborsregressor_stack,Y,N,5.336420654943252,n_jobs,N,
9.0,kneighborsregressor_stack,Y,N,5.336420654943252,n_neighbors,N,4
9.0,kneighborsregressor_stack,Y,N,5.336420654943252,p,N,2
9.0,kneighborsregressor_stack,Y,N,5.336420654943252,weights,C,uniform
9.0,selectpercentile,N,Y,5.336420654943252,percentile,N,89
9.0,selectpercentile,N,Y,5.336420654943252,score_func,N,<function f_regression at 0x1a248cd0d0>
9.0,randomforestregressor,N,N,5.336420654943252,bootstrap,C,False
9.0,randomforestregressor,N,N,5.336420654943252,criterion,C,mse
9.0,randomforestregressor,N,N,5.336420654943252,max_depth,N,
9.0,randomforestregressor,N,N,5.336420654943252,max_features,N,0.05
9.0,randomforestregressor,N,N,5.336420654943252,max_leaf_nodes,N,
9.0,randomforestregressor,N,N,5.336420654943252,min_impurity_decrease,N,0.0
9.0,randomforestregressor,N,N,5.336420654943252,min_impurity_split,N,
9.0,randomforestregressor,N,N,5.336420654943252,min_samples_leaf,N,16
9.0,randomforestregressor,N,N,5.336420654943252,min_samples_split,N,18
9.0,randomforestregressor,N,N,5.336420654943252,min_weight_fraction_leaf,N,0.0
9.0,randomforestregressor,N,N,5.336420654943252,n_estimators,N,100
9.0,randomforestregressor,N,N,5.336420654943252,n_jobs,N,
9.0,randomforestregressor,N,N,5.336420654943252,oob_score,C,False
9.0,randomforestregressor,N,N,5.336420654943252,random_state,N,
9.0,randomforestregressor,N,N,5.336420654943252,verbose,N,0
9.0,randomforestregressor,N,N,5.336420654943252,warm_start,C,False
10.0,ridgecv,N,N,4.766666027520636,alphas,N,[ 0.1  1.  10. ]
10.0,ridgecv,N,N,4.766666027520636,cv,N,
10.0,ridgecv,N,N,4.766666027520636,fit_intercept,C,True
10.0,ridgecv,N,N,4.766666027520636,gcv_mode,N,
10.0,ridgecv,N,N,4.766666027520636,normalize,C,False
10.0,ridgecv,N,N,4.766666027520636,scoring,N,
10.0,ridgecv,N,N,4.766666027520636,store_cv_values,C,False
11,decisiontreeregressor,N,N,5.181084829904064,criterion,C,mse
11,decisiontreeregressor,N,N,5.181084829904064,max_depth,N,8
11,decisiontreeregressor,N,N,5.181084829904064,max_features,N,
11,decisiontreeregressor,N,N,5.181084829904064,max_leaf_nodes,N,
11,decisiontreeregressor,N,N,5.181084829904064,min_impurity_decrease,N,0.0
11,decisiontreeregressor,N,N,5.181084829904064,min_impurity_split,N,
11,decisiontreeregressor,N,N,5.181084829904064,min_samples_leaf,N,20
11,decisiontreeregressor,N,N,5.181084829904064,min_samples_split,N,15
11,decisiontreeregressor,N,N,5.181084829904064,min_weight_fraction_leaf,N,0.0
11,decisiontreeregressor,N,N,5.181084829904064,presort,C,False
11,decisiontreeregressor,N,N,5.181084829904064,random_state,N,
11,decisiontreeregressor,N,N,5.181084829904064,splitter,C,best
12,lassolarscv_stack,Y,N,6.228405263679849,copy_X,C,True
12,lassolarscv_stack,Y,N,6.228405263679849,cv,C,warn
12,lassolarscv_stack,Y,N,6.228405263679849,eps,N,2.220446049250313e-16
12,lassolarscv_stack,Y,N,6.228405263679849,fit_intercept,C,True
12,lassolarscv_stack,Y,N,6.228405263679849,max_iter,N,500
12,lassolarscv_stack,Y,N,6.228405263679849,max_n_alphas,N,1000
12,lassolarscv_stack,Y,N,6.228405263679849,n_jobs,N,
12,lassolarscv_stack,Y,N,6.228405263679849,normalize,C,True
12,lassolarscv_stack,Y,N,6.228405263679849,positive,C,False
12,lassolarscv_stack,Y,N,6.228405263679849,precompute,C,auto
12,lassolarscv_stack,Y,N,6.228405263679849,verbose,C,False
12,extratreesregressor,N,N,6.228405263679849,bootstrap,C,True
12,extratreesregressor,N,N,6.228405263679849,criterion,C,mse
12,extratreesregressor,N,N,6.228405263679849,max_depth,N,
12,extratreesregressor,N,N,6.228405263679849,max_features,N,0.4
12,extratreesregressor,N,N,6.228405263679849,max_leaf_nodes,N,
12,extratreesregressor,N,N,6.228405263679849,min_impurity_decrease,N,0.0
12,extratreesregressor,N,N,6.228405263679849,min_impurity_split,N,
12,extratreesregressor,N,N,6.228405263679849,min_samples_leaf,N,14
12,extratreesregressor,N,N,6.228405263679849,min_samples_split,N,3
12,extratreesregressor,N,N,6.228405263679849,min_weight_fraction_leaf,N,0.0
12,extratreesregressor,N,N,6.228405263679849,n_estimators,N,100
12,extratreesregressor,N,N,6.228405263679849,n_jobs,N,
12,extratreesregressor,N,N,6.228405263679849,oob_score,C,False
12,extratreesregressor,N,N,6.228405263679849,random_state,N,
12,extratreesregressor,N,N,6.228405263679849,verbose,N,0
12,extratreesregressor,N,N,6.228405263679849,warm_start,C,False
13,linearsvr_stack,Y,N,5.834846272050527,C,N,5.0
13,linearsvr_stack,Y,N,5.834846272050527,dual,C,True
13,linearsvr_stack,Y,N,5.834846272050527,epsilon,N,0.1
13,linearsvr_stack,Y,N,5.834846272050527,fit_intercept,C,True
13,linearsvr_stack,Y,N,5.834846272050527,intercept_scaling,N,1.0
13,linearsvr_stack,Y,N,5.834846272050527,loss,C,squared_epsilon_insensitive
13,linearsvr_stack,Y,N,5.834846272050527,max_iter,N,1000
13,linearsvr_stack,Y,N,5.834846272050527,random_state,N,
13,linearsvr_stack,Y,N,5.834846272050527,tol,N,0.001
13,linearsvr_stack,Y,N,5.834846272050527,verbose,N,0
13,kneighborsregressor,N,N,5.834846272050527,algorithm,C,auto
13,kneighborsregressor,N,N,5.834846272050527,leaf_size,N,30
13,kneighborsregressor,N,N,5.834846272050527,metric,C,minkowski
13,kneighborsregressor,N,N,5.834846272050527,metric_params,N,
13,kneighborsregressor,N,N,5.834846272050527,n_jobs,N,
13,kneighborsregressor,N,N,5.834846272050527,n_neighbors,N,10
13,kneighborsregressor,N,N,5.834846272050527,p,N,1
13,kneighborsregressor,N,N,5.834846272050527,weights,C,distance
14,linearsvr_stack,Y,N,7.078901500801334,C,N,5.0
14,linearsvr_stack,Y,N,7.078901500801334,dual,C,True
14,linearsvr_stack,Y,N,7.078901500801334,epsilon,N,0.1
14,linearsvr_stack,Y,N,7.078901500801334,fit_intercept,C,True
14,linearsvr_stack,Y,N,7.078901500801334,intercept_scaling,N,1.0
14,linearsvr_stack,Y,N,7.078901500801334,loss,C,squared_epsilon_insensitive
14,linearsvr_stack,Y,N,7.078901500801334,max_iter,N,1000
14,linearsvr_stack,Y,N,7.078901500801334,random_state,N,
14,linearsvr_stack,Y,N,7.078901500801334,tol,N,0.001
14,linearsvr_stack,Y,N,7.078901500801334,verbose,N,0
14,kneighborsregressor,N,N,7.078901500801334,algorithm,C,auto
14,kneighborsregressor,N,N,7.078901500801334,leaf_size,N,30
14,kneighborsregressor,N,N,7.078901500801334,metric,C,minkowski
14,kneighborsregressor,N,N,7.078901500801334,metric_params,N,
14,kneighborsregressor,N,N,7.078901500801334,n_jobs,N,
14,kneighborsregressor,N,N,7.078901500801334,n_neighbors,N,74
14,kneighborsregressor,N,N,7.078901500801334,p,N,1
14,kneighborsregressor,N,N,7.078901500801334,weights,C,distance
15,pca,N,Y,7.3606807641376575,copy,C,True
15,pca,N,Y,7.3606807641376575,iterated_power,N,4
15,pca,N,Y,7.3606807641376575,n_components,N,
15,pca,N,Y,7.3606807641376575,random_state,N,
15,pca,N,Y,7.3606807641376575,svd_solver,C,randomized
15,pca,N,Y,7.3606807641376575,tol,N,0.0
15,pca,N,Y,7.3606807641376575,whiten,C,False
15,kneighborsregressor,N,N,7.3606807641376575,algorithm,C,auto
15,kneighborsregressor,N,N,7.3606807641376575,leaf_size,N,30
15,kneighborsregressor,N,N,7.3606807641376575,metric,C,minkowski
15,kneighborsregressor,N,N,7.3606807641376575,metric_params,N,
15,kneighborsregressor,N,N,7.3606807641376575,n_jobs,N,
15,kneighborsregressor,N,N,7.3606807641376575,n_neighbors,N,74
15,kneighborsregressor,N,N,7.3606807641376575,p,N,2
15,kneighborsregressor,N,N,7.3606807641376575,weights,C,distance
16,kneighborsregressor,N,N,7.36068076413766,algorithm,C,auto
16,kneighborsregressor,N,N,7.36068076413766,leaf_size,N,30
16,kneighborsregressor,N,N,7.36068076413766,metric,C,minkowski
16,kneighborsregressor,N,N,7.36068076413766,metric_params,N,
16,kneighborsregressor,N,N,7.36068076413766,n_jobs,N,
16,kneighborsregressor,N,N,7.36068076413766,n_neighbors,N,74
16,kneighborsregressor,N,N,7.36068076413766,p,N,2
16,kneighborsregressor,N,N,7.36068076413766,weights,C,distance
17,nystroem,N,N,8.236682676027412,coef0,N,
17,nystroem,N,N,8.236682676027412,degree,N,
17,nystroem,N,N,8.236682676027412,gamma,N,0.25
17,nystroem,N,N,8.236682676027412,kernel,C,chi2
17,nystroem,N,N,8.236682676027412,kernel_params,N,
17,nystroem,N,N,8.236682676027412,n_components,N,5
17,nystroem,N,N,8.236682676027412,random_state,N,
17,xgbregressor,N,N,8.236682676027412,base_score,N,0.5
17,xgbregressor,N,N,8.236682676027412,booster,C,gbtree
17,xgbregressor,N,N,8.236682676027412,colsample_bylevel,N,1
17,xgbregressor,N,N,8.236682676027412,colsample_bynode,N,1
17,xgbregressor,N,N,8.236682676027412,colsample_bytree,N,1
17,xgbregressor,N,N,8.236682676027412,gamma,N,0
17,xgbregressor,N,N,8.236682676027412,importance_type,C,gain
17,xgbregressor,N,N,8.236682676027412,learning_rate,N,0.1
17,xgbregressor,N,N,8.236682676027412,max_delta_step,N,0
17,xgbregressor,N,N,8.236682676027412,max_depth,N,9
17,xgbregressor,N,N,8.236682676027412,min_child_weight,N,15
17,xgbregressor,N,N,8.236682676027412,missing,N,
17,xgbregressor,N,N,8.236682676027412,n_estimators,N,100
17,xgbregressor,N,N,8.236682676027412,n_jobs,N,1
17,xgbregressor,N,N,8.236682676027412,nthread,N,1
17,xgbregressor,N,N,8.236682676027412,objective,C,reg:squarederror
17,xgbregressor,N,N,8.236682676027412,random_state,N,0
17,xgbregressor,N,N,8.236682676027412,reg_alpha,N,0
17,xgbregressor,N,N,8.236682676027412,reg_lambda,N,1
17,xgbregressor,N,N,8.236682676027412,scale_pos_weight,N,1
17,xgbregressor,N,N,8.236682676027412,seed,N,
17,xgbregressor,N,N,8.236682676027412,silent,N,
17,xgbregressor,N,N,8.236682676027412,subsample,N,0.15000000000000002
17,xgbregressor,N,N,8.236682676027412,verbosity,N,1
18,nystroem,N,N,7.050522306593164,coef0,N,
18,nystroem,N,N,7.050522306593164,degree,N,
18,nystroem,N,N,7.050522306593164,gamma,N,0.25
18,nystroem,N,N,7.050522306593164,kernel,C,chi2
18,nystroem,N,N,7.050522306593164,kernel_params,N,
18,nystroem,N,N,7.050522306593164,n_components,N,5
18,nystroem,N,N,7.050522306593164,random_state,N,
18,xgbregressor,N,N,7.050522306593164,base_score,N,0.5
18,xgbregressor,N,N,7.050522306593164,booster,C,gbtree
18,xgbregressor,N,N,7.050522306593164,colsample_bylevel,N,1
18,xgbregressor,N,N,7.050522306593164,colsample_bynode,N,1
18,xgbregressor,N,N,7.050522306593164,colsample_bytree,N,1
18,xgbregressor,N,N,7.050522306593164,gamma,N,0
18,xgbregressor,N,N,7.050522306593164,importance_type,C,gain
18,xgbregressor,N,N,7.050522306593164,learning_rate,N,0.1
18,xgbregressor,N,N,7.050522306593164,max_delta_step,N,0
18,xgbregressor,N,N,7.050522306593164,max_depth,N,9
18,xgbregressor,N,N,7.050522306593164,min_child_weight,N,15
18,xgbregressor,N,N,7.050522306593164,missing,N,
18,xgbregressor,N,N,7.050522306593164,n_estimators,N,100
18,xgbregressor,N,N,7.050522306593164,n_jobs,N,1
18,xgbregressor,N,N,7.050522306593164,nthread,N,1
18,xgbregressor,N,N,7.050522306593164,objective,C,reg:squarederror
18,xgbregressor,N,N,7.050522306593164,random_state,N,0
18,xgbregressor,N,N,7.050522306593164,reg_alpha,N,0
18,xgbregressor,N,N,7.050522306593164,reg_lambda,N,1
18,xgbregressor,N,N,7.050522306593164,scale_pos_weight,N,1
18,xgbregressor,N,N,7.050522306593164,seed,N,
18,xgbregressor,N,N,7.050522306593164,silent,N,
18,xgbregressor,N,N,7.050522306593164,subsample,N,0.4
18,xgbregressor,N,N,7.050522306593164,verbosity,N,1
19,nystroem,N,N,7.077087654048715,coef0,N,
19,nystroem,N,N,7.077087654048715,degree,N,
19,nystroem,N,N,7.077087654048715,gamma,N,0.25
19,nystroem,N,N,7.077087654048715,kernel,C,chi2
19,nystroem,N,N,7.077087654048715,kernel_params,N,
19,nystroem,N,N,7.077087654048715,n_components,N,5
19,nystroem,N,N,7.077087654048715,random_state,N,
19,xgbregressor,N,N,7.077087654048715,base_score,N,0.5
19,xgbregressor,N,N,7.077087654048715,booster,C,gbtree
19,xgbregressor,N,N,7.077087654048715,colsample_bylevel,N,1
19,xgbregressor,N,N,7.077087654048715,colsample_bynode,N,1
19,xgbregressor,N,N,7.077087654048715,colsample_bytree,N,1
19,xgbregressor,N,N,7.077087654048715,gamma,N,0
19,xgbregressor,N,N,7.077087654048715,importance_type,C,gain
19,xgbregressor,N,N,7.077087654048715,learning_rate,N,0.1
19,xgbregressor,N,N,7.077087654048715,max_delta_step,N,0
19,xgbregressor,N,N,7.077087654048715,max_depth,N,9
19,xgbregressor,N,N,7.077087654048715,min_child_weight,N,15
19,xgbregressor,N,N,7.077087654048715,missing,N,
19,xgbregressor,N,N,7.077087654048715,n_estimators,N,100
19,xgbregressor,N,N,7.077087654048715,n_jobs,N,1
19,xgbregressor,N,N,7.077087654048715,nthread,N,1
19,xgbregressor,N,N,7.077087654048715,objective,C,reg:squarederror
19,xgbregressor,N,N,7.077087654048715,random_state,N,0
19,xgbregressor,N,N,7.077087654048715,reg_alpha,N,0
19,xgbregressor,N,N,7.077087654048715,reg_lambda,N,1
19,xgbregressor,N,N,7.077087654048715,scale_pos_weight,N,1
19,xgbregressor,N,N,7.077087654048715,seed,N,
19,xgbregressor,N,N,7.077087654048715,silent,N,
19,xgbregressor,N,N,7.077087654048715,subsample,N,0.55
19,xgbregressor,N,N,7.077087654048715,verbosity,N,1
20,linearsvr_stack,Y,N,3.5771456558561674,C,N,0.01
20,linearsvr_stack,Y,N,3.5771456558561674,dual,C,True
20,linearsvr_stack,Y,N,3.5771456558561674,epsilon,N,0.0001
20,linearsvr_stack,Y,N,3.5771456558561674,fit_intercept,C,True
20,linearsvr_stack,Y,N,3.5771456558561674,intercept_scaling,N,1.0
20,linearsvr_stack,Y,N,3.5771456558561674,loss,C,squared_epsilon_insensitive
20,linearsvr_stack,Y,N,3.5771456558561674,max_iter,N,1000
20,linearsvr_stack,Y,N,3.5771456558561674,random_state,N,
20,linearsvr_stack,Y,N,3.5771456558561674,tol,N,0.01
20,linearsvr_stack,Y,N,3.5771456558561674,verbose,N,0
20,adaboostregressor,N,N,3.5771456558561674,base_estimator,N,
20,adaboostregressor,N,N,3.5771456558561674,learning_rate,N,0.001
20,adaboostregressor,N,N,3.5771456558561674,loss,C,exponential
20,adaboostregressor,N,N,3.5771456558561674,n_estimators,N,100
20,adaboostregressor,N,N,3.5771456558561674,random_state,N,
21,adaboostregressor,N,N,3.6446396808327846,base_estimator,N,
21,adaboostregressor,N,N,3.6446396808327846,learning_rate,N,0.001
21,adaboostregressor,N,N,3.6446396808327846,loss,C,exponential
21,adaboostregressor,N,N,3.6446396808327846,n_estimators,N,100
21,adaboostregressor,N,N,3.6446396808327846,random_state,N,
22,adaboostregressor_stack,Y,N,4.765108554082001,base_estimator,N,
22,adaboostregressor_stack,Y,N,4.765108554082001,learning_rate,N,0.5
22,adaboostregressor_stack,Y,N,4.765108554082001,loss,C,linear
22,adaboostregressor_stack,Y,N,4.765108554082001,n_estimators,N,100
22,adaboostregressor_stack,Y,N,4.765108554082001,random_state,N,
22,extratreesregressor,N,N,4.765108554082001,bootstrap,C,True
22,extratreesregressor,N,N,4.765108554082001,criterion,C,mse
22,extratreesregressor,N,N,4.765108554082001,max_depth,N,
22,extratreesregressor,N,N,4.765108554082001,max_features,N,0.8
22,extratreesregressor,N,N,4.765108554082001,max_leaf_nodes,N,
22,extratreesregressor,N,N,4.765108554082001,min_impurity_decrease,N,0.0
22,extratreesregressor,N,N,4.765108554082001,min_impurity_split,N,
22,extratreesregressor,N,N,4.765108554082001,min_samples_leaf,N,14
22,extratreesregressor,N,N,4.765108554082001,min_samples_split,N,8
22,extratreesregressor,N,N,4.765108554082001,min_weight_fraction_leaf,N,0.0
22,extratreesregressor,N,N,4.765108554082001,n_estimators,N,100
22,extratreesregressor,N,N,4.765108554082001,n_jobs,N,
22,extratreesregressor,N,N,4.765108554082001,oob_score,C,False
22,extratreesregressor,N,N,4.765108554082001,random_state,N,
22,extratreesregressor,N,N,4.765108554082001,verbose,N,0
22,extratreesregressor,N,N,4.765108554082001,warm_start,C,False
23,selectfrommodel,N,Y,5.316972485634406,bootstrap,C,False
23,selectfrommodel,N,Y,5.316972485634406,criterion,C,mse
23,selectfrommodel,N,Y,5.316972485634406,max_depth,N,
23,selectfrommodel,N,Y,5.316972485634406,max_features,N,0.6500000000000001
23,selectfrommodel,N,Y,5.316972485634406,max_leaf_nodes,N,
23,selectfrommodel,N,Y,5.316972485634406,min_impurity_decrease,N,0.0
23,selectfrommodel,N,Y,5.316972485634406,min_impurity_split,N,
23,selectfrommodel,N,Y,5.316972485634406,min_samples_leaf,N,1
23,selectfrommodel,N,Y,5.316972485634406,min_samples_split,N,2
23,selectfrommodel,N,Y,5.316972485634406,min_weight_fraction_leaf,N,0.0
23,selectfrommodel,N,Y,5.316972485634406,n_estimators,N,100
23,selectfrommodel,N,Y,5.316972485634406,n_jobs,N,
23,selectfrommodel,N,Y,5.316972485634406,oob_score,C,False
23,selectfrommodel,N,Y,5.316972485634406,random_state,N,
23,selectfrommodel,N,Y,5.316972485634406,verbose,N,0
23,selectfrommodel,N,Y,5.316972485634406,warm_start,C,False
23,lassolarscv,N,N,5.316972485634406,copy_X,C,True
23,lassolarscv,N,N,5.316972485634406,cv,C,warn
23,lassolarscv,N,N,5.316972485634406,eps,N,2.220446049250313e-16
23,lassolarscv,N,N,5.316972485634406,fit_intercept,C,True
23,lassolarscv,N,N,5.316972485634406,max_iter,N,500
23,lassolarscv,N,N,5.316972485634406,max_n_alphas,N,1000
23,lassolarscv,N,N,5.316972485634406,n_jobs,N,
23,lassolarscv,N,N,5.316972485634406,normalize,C,True
23,lassolarscv,N,N,5.316972485634406,positive,C,False
23,lassolarscv,N,N,5.316972485634406,precompute,C,auto
23,lassolarscv,N,N,5.316972485634406,verbose,C,False
24,selectfrommodel,N,Y,inf,bootstrap,C,False
24,selectfrommodel,N,Y,inf,criterion,C,mse
24,selectfrommodel,N,Y,inf,max_depth,N,
24,selectfrommodel,N,Y,inf,max_features,N,0.6500000000000001
24,selectfrommodel,N,Y,inf,max_leaf_nodes,N,
24,selectfrommodel,N,Y,inf,min_impurity_decrease,N,0.0
24,selectfrommodel,N,Y,inf,min_impurity_split,N,
24,selectfrommodel,N,Y,inf,min_samples_leaf,N,1
24,selectfrommodel,N,Y,inf,min_samples_split,N,2
24,selectfrommodel,N,Y,inf,min_weight_fraction_leaf,N,0.0
24,selectfrommodel,N,Y,inf,n_estimators,N,100
24,selectfrommodel,N,Y,inf,n_jobs,N,
24,selectfrommodel,N,Y,inf,oob_score,C,False
24,selectfrommodel,N,Y,inf,random_state,N,
24,selectfrommodel,N,Y,inf,verbose,N,0
24,selectfrommodel,N,Y,inf,warm_start,C,False
24,lassolarscv,N,N,inf,copy_X,C,True
24,lassolarscv,N,N,inf,cv,C,warn
24,lassolarscv,N,N,inf,eps,N,2.220446049250313e-16
24,lassolarscv,N,N,inf,fit_intercept,C,True
24,lassolarscv,N,N,inf,max_iter,N,500
24,lassolarscv,N,N,inf,max_n_alphas,N,1000
24,lassolarscv,N,N,inf,n_jobs,N,
24,lassolarscv,N,N,inf,normalize,C,True
24,lassolarscv,N,N,inf,positive,C,False
24,lassolarscv,N,N,inf,precompute,C,auto
24,lassolarscv,N,N,inf,verbose,C,False
25,kneighborsregressor_stack,Y,N,5.551175840561341,algorithm,C,auto
25,kneighborsregressor_stack,Y,N,5.551175840561341,leaf_size,N,30
25,kneighborsregressor_stack,Y,N,5.551175840561341,metric,C,minkowski
25,kneighborsregressor_stack,Y,N,5.551175840561341,metric_params,N,
25,kneighborsregressor_stack,Y,N,5.551175840561341,n_jobs,N,
25,kneighborsregressor_stack,Y,N,5.551175840561341,n_neighbors,N,8
25,kneighborsregressor_stack,Y,N,5.551175840561341,p,N,1
25,kneighborsregressor_stack,Y,N,5.551175840561341,weights,C,uniform
25,linearsvr,N,N,5.551175840561341,C,N,15.0
25,linearsvr,N,N,5.551175840561341,dual,C,True
25,linearsvr,N,N,5.551175840561341,epsilon,N,0.001
25,linearsvr,N,N,5.551175840561341,fit_intercept,C,True
25,linearsvr,N,N,5.551175840561341,intercept_scaling,N,1.0
25,linearsvr,N,N,5.551175840561341,loss,C,epsilon_insensitive
25,linearsvr,N,N,5.551175840561341,max_iter,N,1000
25,linearsvr,N,N,5.551175840561341,random_state,N,
25,linearsvr,N,N,5.551175840561341,tol,N,0.01
25,linearsvr,N,N,5.551175840561341,verbose,N,0
26,linearsvr,N,N,6.847428883690782,C,N,15.0
26,linearsvr,N,N,6.847428883690782,dual,C,True
26,linearsvr,N,N,6.847428883690782,epsilon,N,0.001
26,linearsvr,N,N,6.847428883690782,fit_intercept,C,True
26,linearsvr,N,N,6.847428883690782,intercept_scaling,N,1.0
26,linearsvr,N,N,6.847428883690782,loss,C,epsilon_insensitive
26,linearsvr,N,N,6.847428883690782,max_iter,N,1000
26,linearsvr,N,N,6.847428883690782,random_state,N,
26,linearsvr,N,N,6.847428883690782,tol,N,0.01
26,linearsvr,N,N,6.847428883690782,verbose,N,0
27,randomforestregressor,N,N,3.882926746126569,bootstrap,C,False
27,randomforestregressor,N,N,3.882926746126569,criterion,C,mse
27,randomforestregressor,N,N,3.882926746126569,max_depth,N,
27,randomforestregressor,N,N,3.882926746126569,max_features,N,0.4
27,randomforestregressor,N,N,3.882926746126569,max_leaf_nodes,N,
27,randomforestregressor,N,N,3.882926746126569,min_impurity_decrease,N,0.0
27,randomforestregressor,N,N,3.882926746126569,min_impurity_split,N,
27,randomforestregressor,N,N,3.882926746126569,min_samples_leaf,N,12
27,randomforestregressor,N,N,3.882926746126569,min_samples_split,N,7
27,randomforestregressor,N,N,3.882926746126569,min_weight_fraction_leaf,N,0.0
27,randomforestregressor,N,N,3.882926746126569,n_estimators,N,100
27,randomforestregressor,N,N,3.882926746126569,n_jobs,N,
27,randomforestregressor,N,N,3.882926746126569,oob_score,C,False
27,randomforestregressor,N,N,3.882926746126569,random_state,N,
27,randomforestregressor,N,N,3.882926746126569,verbose,N,0
27,randomforestregressor,N,N,3.882926746126569,warm_start,C,False
28,randomforestregressor,N,N,4.4170869309939045,bootstrap,C,True
28,randomforestregressor,N,N,4.4170869309939045,criterion,C,mse
28,randomforestregressor,N,N,4.4170869309939045,max_depth,N,
28,randomforestregressor,N,N,4.4170869309939045,max_features,N,0.4
28,randomforestregressor,N,N,4.4170869309939045,max_leaf_nodes,N,
28,randomforestregressor,N,N,4.4170869309939045,min_impurity_decrease,N,0.0
28,randomforestregressor,N,N,4.4170869309939045,min_impurity_split,N,
28,randomforestregressor,N,N,4.4170869309939045,min_samples_leaf,N,12
28,randomforestregressor,N,N,4.4170869309939045,min_samples_split,N,7
28,randomforestregressor,N,N,4.4170869309939045,min_weight_fraction_leaf,N,0.0
28,randomforestregressor,N,N,4.4170869309939045,n_estimators,N,100
28,randomforestregressor,N,N,4.4170869309939045,n_jobs,N,
28,randomforestregressor,N,N,4.4170869309939045,oob_score,C,False
28,randomforestregressor,N,N,4.4170869309939045,random_state,N,
28,randomforestregressor,N,N,4.4170869309939045,verbose,N,0
28,randomforestregressor,N,N,4.4170869309939045,warm_start,C,False
29,randomforestregressor,N,N,4.5827482184611625,bootstrap,C,True
29,randomforestregressor,N,N,4.5827482184611625,criterion,C,mse
29,randomforestregressor,N,N,4.5827482184611625,max_depth,N,
29,randomforestregressor,N,N,4.5827482184611625,max_features,N,0.4
29,randomforestregressor,N,N,4.5827482184611625,max_leaf_nodes,N,
29,randomforestregressor,N,N,4.5827482184611625,min_impurity_decrease,N,0.0
29,randomforestregressor,N,N,4.5827482184611625,min_impurity_split,N,
29,randomforestregressor,N,N,4.5827482184611625,min_samples_leaf,N,15
29,randomforestregressor,N,N,4.5827482184611625,min_samples_split,N,7
29,randomforestregressor,N,N,4.5827482184611625,min_weight_fraction_leaf,N,0.0
29,randomforestregressor,N,N,4.5827482184611625,n_estimators,N,100
29,randomforestregressor,N,N,4.5827482184611625,n_jobs,N,
29,randomforestregressor,N,N,4.5827482184611625,oob_score,C,False
29,randomforestregressor,N,N,4.5827482184611625,random_state,N,
29,randomforestregressor,N,N,4.5827482184611625,verbose,N,0
29,randomforestregressor,N,N,4.5827482184611625,warm_start,C,False
30.0,adaboostregressor,N,N,3.9188506691179605,base_estimator,N,
30.0,adaboostregressor,N,N,3.9188506691179605,learning_rate,N,1.0
30.0,adaboostregressor,N,N,3.9188506691179605,loss,C,square
30.0,adaboostregressor,N,N,3.9188506691179605,n_estimators,N,100
30.0,adaboostregressor,N,N,3.9188506691179605,random_state,N,
31.0,adaboostregressor,N,N,4.405847455521838,base_estimator,N,
31.0,adaboostregressor,N,N,4.405847455521838,learning_rate,N,0.001
31.0,adaboostregressor,N,N,4.405847455521838,loss,C,linear
31.0,adaboostregressor,N,N,4.405847455521838,n_estimators,N,100
31.0,adaboostregressor,N,N,4.405847455521838,random_state,N,
32.0,adaboostregressor,N,N,3.9858591468779614,base_estimator,N,
32.0,adaboostregressor,N,N,3.9858591468779614,learning_rate,N,0.1
32.0,adaboostregressor,N,N,3.9858591468779614,loss,C,linear
32.0,adaboostregressor,N,N,3.9858591468779614,n_estimators,N,100
32.0,adaboostregressor,N,N,3.9858591468779614,random_state,N,
33.0,adaboostregressor,N,N,4.005943966419488,base_estimator,N,
33.0,adaboostregressor,N,N,4.005943966419488,learning_rate,N,1.0
33.0,adaboostregressor,N,N,4.005943966419488,loss,C,square
33.0,adaboostregressor,N,N,4.005943966419488,n_estimators,N,100
33.0,adaboostregressor,N,N,4.005943966419488,random_state,N,
34.0,robustscaler,N,Y,4.818494528105626,copy,C,True
34.0,robustscaler,N,Y,4.818494528105626,quantile_range,N,"(25.0, 75.0)"
34.0,robustscaler,N,Y,4.818494528105626,with_centering,C,True
34.0,robustscaler,N,Y,4.818494528105626,with_scaling,C,True
34.0,decisiontreeregressor,N,N,4.818494528105626,criterion,C,mse
34.0,decisiontreeregressor,N,N,4.818494528105626,max_depth,N,6
34.0,decisiontreeregressor,N,N,4.818494528105626,max_features,N,
34.0,decisiontreeregressor,N,N,4.818494528105626,max_leaf_nodes,N,
34.0,decisiontreeregressor,N,N,4.818494528105626,min_impurity_decrease,N,0.0
34.0,decisiontreeregressor,N,N,4.818494528105626,min_impurity_split,N,
34.0,decisiontreeregressor,N,N,4.818494528105626,min_samples_leaf,N,13
34.0,decisiontreeregressor,N,N,4.818494528105626,min_samples_split,N,5
34.0,decisiontreeregressor,N,N,4.818494528105626,min_weight_fraction_leaf,N,0.0
34.0,decisiontreeregressor,N,N,4.818494528105626,presort,C,False
34.0,decisiontreeregressor,N,N,4.818494528105626,random_state,N,
34.0,decisiontreeregressor,N,N,4.818494528105626,splitter,C,best
35.0,decisiontreeregressor,N,N,4.818494528105626,criterion,C,mse
35.0,decisiontreeregressor,N,N,4.818494528105626,max_depth,N,6
35.0,decisiontreeregressor,N,N,4.818494528105626,max_features,N,
35.0,decisiontreeregressor,N,N,4.818494528105626,max_leaf_nodes,N,
35.0,decisiontreeregressor,N,N,4.818494528105626,min_impurity_decrease,N,0.0
35.0,decisiontreeregressor,N,N,4.818494528105626,min_impurity_split,N,
35.0,decisiontreeregressor,N,N,4.818494528105626,min_samples_leaf,N,13
35.0,decisiontreeregressor,N,N,4.818494528105626,min_samples_split,N,5
35.0,decisiontreeregressor,N,N,4.818494528105626,min_weight_fraction_leaf,N,0.0
35.0,decisiontreeregressor,N,N,4.818494528105626,presort,C,False
35.0,decisiontreeregressor,N,N,4.818494528105626,random_state,N,
35.0,decisiontreeregressor,N,N,4.818494528105626,splitter,C,best
36.0,extratreesregressor_stack,Y,N,6.635044854963903,bootstrap,C,True
36.0,extratreesregressor_stack,Y,N,6.635044854963903,criterion,C,mse
36.0,extratreesregressor_stack,Y,N,6.635044854963903,max_depth,N,
36.0,extratreesregressor_stack,Y,N,6.635044854963903,max_features,N,0.8500000000000001
36.0,extratreesregressor_stack,Y,N,6.635044854963903,max_leaf_nodes,N,
36.0,extratreesregressor_stack,Y,N,6.635044854963903,min_impurity_decrease,N,0.0
36.0,extratreesregressor_stack,Y,N,6.635044854963903,min_impurity_split,N,
36.0,extratreesregressor_stack,Y,N,6.635044854963903,min_samples_leaf,N,2
36.0,extratreesregressor_stack,Y,N,6.635044854963903,min_samples_split,N,14
36.0,extratreesregressor_stack,Y,N,6.635044854963903,min_weight_fraction_leaf,N,0.0
36.0,extratreesregressor_stack,Y,N,6.635044854963903,n_estimators,N,100
36.0,extratreesregressor_stack,Y,N,6.635044854963903,n_jobs,N,
36.0,extratreesregressor_stack,Y,N,6.635044854963903,oob_score,C,False
36.0,extratreesregressor_stack,Y,N,6.635044854963903,random_state,N,
36.0,extratreesregressor_stack,Y,N,6.635044854963903,verbose,N,0
36.0,extratreesregressor_stack,Y,N,6.635044854963903,warm_start,C,False
36.0,gradientboostingregressor,N,N,6.635044854963903,alpha,N,0.8
36.0,gradientboostingregressor,N,N,6.635044854963903,criterion,C,friedman_mse
36.0,gradientboostingregressor,N,N,6.635044854963903,init,N,
36.0,gradientboostingregressor,N,N,6.635044854963903,learning_rate,N,1.0
36.0,gradientboostingregressor,N,N,6.635044854963903,loss,C,ls
36.0,gradientboostingregressor,N,N,6.635044854963903,max_depth,N,6
36.0,gradientboostingregressor,N,N,6.635044854963903,max_features,N,0.55
36.0,gradientboostingregressor,N,N,6.635044854963903,max_leaf_nodes,N,
36.0,gradientboostingregressor,N,N,6.635044854963903,min_impurity_decrease,N,0.0
36.0,gradientboostingregressor,N,N,6.635044854963903,min_impurity_split,N,
36.0,gradientboostingregressor,N,N,6.635044854963903,min_samples_leaf,N,18
36.0,gradientboostingregressor,N,N,6.635044854963903,min_samples_split,N,7
36.0,gradientboostingregressor,N,N,6.635044854963903,min_weight_fraction_leaf,N,0.0
36.0,gradientboostingregressor,N,N,6.635044854963903,n_estimators,N,100
36.0,gradientboostingregressor,N,N,6.635044854963903,n_iter_no_change,N,
36.0,gradientboostingregressor,N,N,6.635044854963903,presort,C,auto
36.0,gradientboostingregressor,N,N,6.635044854963903,random_state,N,
36.0,gradientboostingregressor,N,N,6.635044854963903,subsample,N,0.4
36.0,gradientboostingregressor,N,N,6.635044854963903,tol,N,0.0001
36.0,gradientboostingregressor,N,N,6.635044854963903,validation_fraction,N,0.1
36.0,gradientboostingregressor,N,N,6.635044854963903,verbose,N,0
36.0,gradientboostingregressor,N,N,6.635044854963903,warm_start,C,False
37.0,gradientboostingregressor_stack,Y,N,11.39319517835322,alpha,N,0.75
37.0,gradientboostingregressor_stack,Y,N,11.39319517835322,criterion,C,friedman_mse
37.0,gradientboostingregressor_stack,Y,N,11.39319517835322,init,N,
37.0,gradientboostingregressor_stack,Y,N,11.39319517835322,learning_rate,N,1.0
37.0,gradientboostingregressor_stack,Y,N,11.39319517835322,loss,C,ls
37.0,gradientboostingregressor_stack,Y,N,11.39319517835322,max_depth,N,5
37.0,gradientboostingregressor_stack,Y,N,11.39319517835322,max_features,N,0.6500000000000001
37.0,gradientboostingregressor_stack,Y,N,11.39319517835322,max_leaf_nodes,N,
37.0,gradientboostingregressor_stack,Y,N,11.39319517835322,min_impurity_decrease,N,0.0
37.0,gradientboostingregressor_stack,Y,N,11.39319517835322,min_impurity_split,N,
37.0,gradientboostingregressor_stack,Y,N,11.39319517835322,min_samples_leaf,N,1
37.0,gradientboostingregressor_stack,Y,N,11.39319517835322,min_samples_split,N,8
37.0,gradientboostingregressor_stack,Y,N,11.39319517835322,min_weight_fraction_leaf,N,0.0
37.0,gradientboostingregressor_stack,Y,N,11.39319517835322,n_estimators,N,100
37.0,gradientboostingregressor_stack,Y,N,11.39319517835322,n_iter_no_change,N,
37.0,gradientboostingregressor_stack,Y,N,11.39319517835322,presort,C,auto
37.0,gradientboostingregressor_stack,Y,N,11.39319517835322,random_state,N,
37.0,gradientboostingregressor_stack,Y,N,11.39319517835322,subsample,N,0.45
37.0,gradientboostingregressor_stack,Y,N,11.39319517835322,tol,N,0.0001
37.0,gradientboostingregressor_stack,Y,N,11.39319517835322,validation_fraction,N,0.1
37.0,gradientboostingregressor_stack,Y,N,11.39319517835322,verbose,N,0
37.0,gradientboostingregressor_stack,Y,N,11.39319517835322,warm_start,C,False
37.0,selectpercentile,N,Y,11.39319517835322,percentile,N,48
37.0,selectpercentile,N,Y,11.39319517835322,score_func,N,<function f_regression at 0x1a248cd0d0>
37.0,xgbregressor,N,N,11.39319517835322,base_score,N,0.5
37.0,xgbregressor,N,N,11.39319517835322,booster,C,gbtree
37.0,xgbregressor,N,N,11.39319517835322,colsample_bylevel,N,1
37.0,xgbregressor,N,N,11.39319517835322,colsample_bynode,N,1
37.0,xgbregressor,N,N,11.39319517835322,colsample_bytree,N,1
37.0,xgbregressor,N,N,11.39319517835322,gamma,N,0
37.0,xgbregressor,N,N,11.39319517835322,importance_type,C,gain
37.0,xgbregressor,N,N,11.39319517835322,learning_rate,N,0.01
37.0,xgbregressor,N,N,11.39319517835322,max_delta_step,N,0
37.0,xgbregressor,N,N,11.39319517835322,max_depth,N,3
37.0,xgbregressor,N,N,11.39319517835322,min_child_weight,N,20
37.0,xgbregressor,N,N,11.39319517835322,missing,N,
37.0,xgbregressor,N,N,11.39319517835322,n_estimators,N,100
37.0,xgbregressor,N,N,11.39319517835322,n_jobs,N,1
37.0,xgbregressor,N,N,11.39319517835322,nthread,N,1
37.0,xgbregressor,N,N,11.39319517835322,objective,C,reg:squarederror
37.0,xgbregressor,N,N,11.39319517835322,random_state,N,0
37.0,xgbregressor,N,N,11.39319517835322,reg_alpha,N,0
37.0,xgbregressor,N,N,11.39319517835322,reg_lambda,N,1
37.0,xgbregressor,N,N,11.39319517835322,scale_pos_weight,N,1
37.0,xgbregressor,N,N,11.39319517835322,seed,N,
37.0,xgbregressor,N,N,11.39319517835322,silent,N,
37.0,xgbregressor,N,N,11.39319517835322,subsample,N,0.6000000000000001
37.0,xgbregressor,N,N,11.39319517835322,verbosity,N,1
38.0,selectpercentile,N,Y,10.551990102369405,percentile,N,48
38.0,selectpercentile,N,Y,10.551990102369405,score_func,N,<function f_regression at 0x1a248cd0d0>
38.0,xgbregressor,N,N,10.551990102369405,base_score,N,0.5
38.0,xgbregressor,N,N,10.551990102369405,booster,C,gbtree
38.0,xgbregressor,N,N,10.551990102369405,colsample_bylevel,N,1
38.0,xgbregressor,N,N,10.551990102369405,colsample_bynode,N,1
38.0,xgbregressor,N,N,10.551990102369405,colsample_bytree,N,1
38.0,xgbregressor,N,N,10.551990102369405,gamma,N,0
38.0,xgbregressor,N,N,10.551990102369405,importance_type,C,gain
38.0,xgbregressor,N,N,10.551990102369405,learning_rate,N,0.01
38.0,xgbregressor,N,N,10.551990102369405,max_delta_step,N,0
38.0,xgbregressor,N,N,10.551990102369405,max_depth,N,3
38.0,xgbregressor,N,N,10.551990102369405,min_child_weight,N,20
38.0,xgbregressor,N,N,10.551990102369405,missing,N,
38.0,xgbregressor,N,N,10.551990102369405,n_estimators,N,100
38.0,xgbregressor,N,N,10.551990102369405,n_jobs,N,1
38.0,xgbregressor,N,N,10.551990102369405,nthread,N,1
38.0,xgbregressor,N,N,10.551990102369405,objective,C,reg:squarederror
38.0,xgbregressor,N,N,10.551990102369405,random_state,N,0
38.0,xgbregressor,N,N,10.551990102369405,reg_alpha,N,0
38.0,xgbregressor,N,N,10.551990102369405,reg_lambda,N,1
38.0,xgbregressor,N,N,10.551990102369405,scale_pos_weight,N,1
38.0,xgbregressor,N,N,10.551990102369405,seed,N,
38.0,xgbregressor,N,N,10.551990102369405,silent,N,
38.0,xgbregressor,N,N,10.551990102369405,subsample,N,0.6000000000000001
38.0,xgbregressor,N,N,10.551990102369405,verbosity,N,1
39,rbfsampler,N,N,11.986086146760893,gamma,N,0.1
39,rbfsampler,N,N,11.986086146760893,n_components,N,100.0
39,rbfsampler,N,N,11.986086146760893,random_state,N,
39,decisiontreeregressor,N,N,11.986086146760893,criterion,C,mse
39,decisiontreeregressor,N,N,11.986086146760893,max_depth,N,7
39,decisiontreeregressor,N,N,11.986086146760893,max_features,N,
39,decisiontreeregressor,N,N,11.986086146760893,max_leaf_nodes,N,
39,decisiontreeregressor,N,N,11.986086146760893,min_impurity_decrease,N,0.0
39,decisiontreeregressor,N,N,11.986086146760893,min_impurity_split,N,
39,decisiontreeregressor,N,N,11.986086146760893,min_samples_leaf,N,8
39,decisiontreeregressor,N,N,11.986086146760893,min_samples_split,N,14
39,decisiontreeregressor,N,N,11.986086146760893,min_weight_fraction_leaf,N,0.0
39,decisiontreeregressor,N,N,11.986086146760893,presort,C,False
39,decisiontreeregressor,N,N,11.986086146760893,random_state,N,
39,decisiontreeregressor,N,N,11.986086146760893,splitter,C,best
40,variancethreshold,N,Y,5.90381437709221,threshold,N,0.05
40,elasticnetcv,N,N,5.90381437709221,alphas,N,
40,elasticnetcv,N,N,5.90381437709221,copy_X,C,True
40,elasticnetcv,N,N,5.90381437709221,cv,C,warn
40,elasticnetcv,N,N,5.90381437709221,eps,N,0.001
40,elasticnetcv,N,N,5.90381437709221,fit_intercept,C,True
40,elasticnetcv,N,N,5.90381437709221,l1_ratio,N,0.4
40,elasticnetcv,N,N,5.90381437709221,max_iter,N,1000
40,elasticnetcv,N,N,5.90381437709221,n_alphas,N,100
40,elasticnetcv,N,N,5.90381437709221,n_jobs,N,
40,elasticnetcv,N,N,5.90381437709221,normalize,C,False
40,elasticnetcv,N,N,5.90381437709221,positive,C,False
40,elasticnetcv,N,N,5.90381437709221,precompute,C,auto
40,elasticnetcv,N,N,5.90381437709221,random_state,N,
40,elasticnetcv,N,N,5.90381437709221,selection,C,cyclic
40,elasticnetcv,N,N,5.90381437709221,tol,N,0.01
40,elasticnetcv,N,N,5.90381437709221,verbose,N,0
41,lassolarscv_stack,Y,N,4.356308060339321,copy_X,C,True
41,lassolarscv_stack,Y,N,4.356308060339321,cv,C,warn
41,lassolarscv_stack,Y,N,4.356308060339321,eps,N,2.220446049250313e-16
41,lassolarscv_stack,Y,N,4.356308060339321,fit_intercept,C,True
41,lassolarscv_stack,Y,N,4.356308060339321,max_iter,N,500
41,lassolarscv_stack,Y,N,4.356308060339321,max_n_alphas,N,1000
41,lassolarscv_stack,Y,N,4.356308060339321,n_jobs,N,
41,lassolarscv_stack,Y,N,4.356308060339321,normalize,C,False
41,lassolarscv_stack,Y,N,4.356308060339321,positive,C,False
41,lassolarscv_stack,Y,N,4.356308060339321,precompute,C,auto
41,lassolarscv_stack,Y,N,4.356308060339321,verbose,C,False
41,extratreesregressor,N,N,4.356308060339321,bootstrap,C,False
41,extratreesregressor,N,N,4.356308060339321,criterion,C,mse
41,extratreesregressor,N,N,4.356308060339321,max_depth,N,
41,extratreesregressor,N,N,4.356308060339321,max_features,N,0.2
41,extratreesregressor,N,N,4.356308060339321,max_leaf_nodes,N,
41,extratreesregressor,N,N,4.356308060339321,min_impurity_decrease,N,0.0
41,extratreesregressor,N,N,4.356308060339321,min_impurity_split,N,
41,extratreesregressor,N,N,4.356308060339321,min_samples_leaf,N,2
41,extratreesregressor,N,N,4.356308060339321,min_samples_split,N,10
41,extratreesregressor,N,N,4.356308060339321,min_weight_fraction_leaf,N,0.0
41,extratreesregressor,N,N,4.356308060339321,n_estimators,N,100
41,extratreesregressor,N,N,4.356308060339321,n_jobs,N,
41,extratreesregressor,N,N,4.356308060339321,oob_score,C,False
41,extratreesregressor,N,N,4.356308060339321,random_state,N,
41,extratreesregressor,N,N,4.356308060339321,verbose,N,0
41,extratreesregressor,N,N,4.356308060339321,warm_start,C,False
42,lassolarscv_stack,Y,N,3.777765178002192,copy_X,C,True
42,lassolarscv_stack,Y,N,3.777765178002192,cv,C,warn
42,lassolarscv_stack,Y,N,3.777765178002192,eps,N,2.220446049250313e-16
42,lassolarscv_stack,Y,N,3.777765178002192,fit_intercept,C,True
42,lassolarscv_stack,Y,N,3.777765178002192,max_iter,N,500
42,lassolarscv_stack,Y,N,3.777765178002192,max_n_alphas,N,1000
42,lassolarscv_stack,Y,N,3.777765178002192,n_jobs,N,
42,lassolarscv_stack,Y,N,3.777765178002192,normalize,C,False
42,lassolarscv_stack,Y,N,3.777765178002192,positive,C,False
42,lassolarscv_stack,Y,N,3.777765178002192,precompute,C,auto
42,lassolarscv_stack,Y,N,3.777765178002192,verbose,C,False
42,extratreesregressor,N,N,3.777765178002192,bootstrap,C,False
42,extratreesregressor,N,N,3.777765178002192,criterion,C,mse
42,extratreesregressor,N,N,3.777765178002192,max_depth,N,
42,extratreesregressor,N,N,3.777765178002192,max_features,N,0.8
42,extratreesregressor,N,N,3.777765178002192,max_leaf_nodes,N,
42,extratreesregressor,N,N,3.777765178002192,min_impurity_decrease,N,0.0
42,extratreesregressor,N,N,3.777765178002192,min_impurity_split,N,
42,extratreesregressor,N,N,3.777765178002192,min_samples_leaf,N,2
42,extratreesregressor,N,N,3.777765178002192,min_samples_split,N,10
42,extratreesregressor,N,N,3.777765178002192,min_weight_fraction_leaf,N,0.0
42,extratreesregressor,N,N,3.777765178002192,n_estimators,N,100
42,extratreesregressor,N,N,3.777765178002192,n_jobs,N,
42,extratreesregressor,N,N,3.777765178002192,oob_score,C,False
42,extratreesregressor,N,N,3.777765178002192,random_state,N,
42,extratreesregressor,N,N,3.777765178002192,verbose,N,0
42,extratreesregressor,N,N,3.777765178002192,warm_start,C,False
43,xgbregressor_stack,Y,N,5.878744581253644,base_score,N,0.5
43,xgbregressor_stack,Y,N,5.878744581253644,booster,C,gbtree
43,xgbregressor_stack,Y,N,5.878744581253644,colsample_bylevel,N,1
43,xgbregressor_stack,Y,N,5.878744581253644,colsample_bynode,N,1
43,xgbregressor_stack,Y,N,5.878744581253644,colsample_bytree,N,1
43,xgbregressor_stack,Y,N,5.878744581253644,gamma,N,0
43,xgbregressor_stack,Y,N,5.878744581253644,importance_type,C,gain
43,xgbregressor_stack,Y,N,5.878744581253644,learning_rate,N,0.1
43,xgbregressor_stack,Y,N,5.878744581253644,max_delta_step,N,0
43,xgbregressor_stack,Y,N,5.878744581253644,max_depth,N,7
43,xgbregressor_stack,Y,N,5.878744581253644,min_child_weight,N,17
43,xgbregressor_stack,Y,N,5.878744581253644,missing,N,
43,xgbregressor_stack,Y,N,5.878744581253644,n_estimators,N,100
43,xgbregressor_stack,Y,N,5.878744581253644,n_jobs,N,1
43,xgbregressor_stack,Y,N,5.878744581253644,nthread,N,1
43,xgbregressor_stack,Y,N,5.878744581253644,objective,C,reg:squarederror
43,xgbregressor_stack,Y,N,5.878744581253644,random_state,N,0
43,xgbregressor_stack,Y,N,5.878744581253644,reg_alpha,N,0
43,xgbregressor_stack,Y,N,5.878744581253644,reg_lambda,N,1
43,xgbregressor_stack,Y,N,5.878744581253644,scale_pos_weight,N,1
43,xgbregressor_stack,Y,N,5.878744581253644,seed,N,
43,xgbregressor_stack,Y,N,5.878744581253644,silent,N,
43,xgbregressor_stack,Y,N,5.878744581253644,subsample,N,0.5
43,xgbregressor_stack,Y,N,5.878744581253644,verbosity,N,1
43,extratreesregressor,N,N,5.878744581253644,bootstrap,C,True
43,extratreesregressor,N,N,5.878744581253644,criterion,C,mse
43,extratreesregressor,N,N,5.878744581253644,max_depth,N,
43,extratreesregressor,N,N,5.878744581253644,max_features,N,0.4
43,extratreesregressor,N,N,5.878744581253644,max_leaf_nodes,N,
43,extratreesregressor,N,N,5.878744581253644,min_impurity_decrease,N,0.0
43,extratreesregressor,N,N,5.878744581253644,min_impurity_split,N,
43,extratreesregressor,N,N,5.878744581253644,min_samples_leaf,N,13
43,extratreesregressor,N,N,5.878744581253644,min_samples_split,N,7
43,extratreesregressor,N,N,5.878744581253644,min_weight_fraction_leaf,N,0.0
43,extratreesregressor,N,N,5.878744581253644,n_estimators,N,100
43,extratreesregressor,N,N,5.878744581253644,n_jobs,N,
43,extratreesregressor,N,N,5.878744581253644,oob_score,C,False
43,extratreesregressor,N,N,5.878744581253644,random_state,N,
43,extratreesregressor,N,N,5.878744581253644,verbose,N,0
43,extratreesregressor,N,N,5.878744581253644,warm_start,C,False
44,variancethreshold,N,Y,11.997483543574308,threshold,N,0.05
44,gradientboostingregressor,N,N,11.997483543574308,alpha,N,0.85
44,gradientboostingregressor,N,N,11.997483543574308,criterion,C,friedman_mse
44,gradientboostingregressor,N,N,11.997483543574308,init,N,
44,gradientboostingregressor,N,N,11.997483543574308,learning_rate,N,0.001
44,gradientboostingregressor,N,N,11.997483543574308,loss,C,quantile
44,gradientboostingregressor,N,N,11.997483543574308,max_depth,N,1
44,gradientboostingregressor,N,N,11.997483543574308,max_features,N,0.8
44,gradientboostingregressor,N,N,11.997483543574308,max_leaf_nodes,N,
44,gradientboostingregressor,N,N,11.997483543574308,min_impurity_decrease,N,0.0
44,gradientboostingregressor,N,N,11.997483543574308,min_impurity_split,N,
44,gradientboostingregressor,N,N,11.997483543574308,min_samples_leaf,N,2
44,gradientboostingregressor,N,N,11.997483543574308,min_samples_split,N,2
44,gradientboostingregressor,N,N,11.997483543574308,min_weight_fraction_leaf,N,0.0
44,gradientboostingregressor,N,N,11.997483543574308,n_estimators,N,100
44,gradientboostingregressor,N,N,11.997483543574308,n_iter_no_change,N,
44,gradientboostingregressor,N,N,11.997483543574308,presort,C,auto
44,gradientboostingregressor,N,N,11.997483543574308,random_state,N,
44,gradientboostingregressor,N,N,11.997483543574308,subsample,N,0.3
44,gradientboostingregressor,N,N,11.997483543574308,tol,N,0.0001
44,gradientboostingregressor,N,N,11.997483543574308,validation_fraction,N,0.1
44,gradientboostingregressor,N,N,11.997483543574308,verbose,N,0
44,gradientboostingregressor,N,N,11.997483543574308,warm_start,C,False
45,variancethreshold,N,Y,11.98643463033693,threshold,N,0.05
45,gradientboostingregressor,N,N,11.98643463033693,alpha,N,0.85
45,gradientboostingregressor,N,N,11.98643463033693,criterion,C,friedman_mse
45,gradientboostingregressor,N,N,11.98643463033693,init,N,
45,gradientboostingregressor,N,N,11.98643463033693,learning_rate,N,0.001
45,gradientboostingregressor,N,N,11.98643463033693,loss,C,quantile
45,gradientboostingregressor,N,N,11.98643463033693,max_depth,N,1
45,gradientboostingregressor,N,N,11.98643463033693,max_features,N,0.8
45,gradientboostingregressor,N,N,11.98643463033693,max_leaf_nodes,N,
45,gradientboostingregressor,N,N,11.98643463033693,min_impurity_decrease,N,0.0
45,gradientboostingregressor,N,N,11.98643463033693,min_impurity_split,N,
45,gradientboostingregressor,N,N,11.98643463033693,min_samples_leaf,N,2
45,gradientboostingregressor,N,N,11.98643463033693,min_samples_split,N,2
45,gradientboostingregressor,N,N,11.98643463033693,min_weight_fraction_leaf,N,0.0
45,gradientboostingregressor,N,N,11.98643463033693,n_estimators,N,100
45,gradientboostingregressor,N,N,11.98643463033693,n_iter_no_change,N,
45,gradientboostingregressor,N,N,11.98643463033693,presort,C,auto
45,gradientboostingregressor,N,N,11.98643463033693,random_state,N,
45,gradientboostingregressor,N,N,11.98643463033693,subsample,N,0.7000000000000001
45,gradientboostingregressor,N,N,11.98643463033693,tol,N,0.0001
45,gradientboostingregressor,N,N,11.98643463033693,validation_fraction,N,0.1
45,gradientboostingregressor,N,N,11.98643463033693,verbose,N,0
45,gradientboostingregressor,N,N,11.98643463033693,warm_start,C,False
46,variancethreshold,N,Y,5.818475479289556,threshold,N,0.05
46,gradientboostingregressor,N,N,5.818475479289556,alpha,N,0.85
46,gradientboostingregressor,N,N,5.818475479289556,criterion,C,friedman_mse
46,gradientboostingregressor,N,N,5.818475479289556,init,N,
46,gradientboostingregressor,N,N,5.818475479289556,learning_rate,N,0.5
46,gradientboostingregressor,N,N,5.818475479289556,loss,C,quantile
46,gradientboostingregressor,N,N,5.818475479289556,max_depth,N,1
46,gradientboostingregressor,N,N,5.818475479289556,max_features,N,0.8
46,gradientboostingregressor,N,N,5.818475479289556,max_leaf_nodes,N,
46,gradientboostingregressor,N,N,5.818475479289556,min_impurity_decrease,N,0.0
46,gradientboostingregressor,N,N,5.818475479289556,min_impurity_split,N,
46,gradientboostingregressor,N,N,5.818475479289556,min_samples_leaf,N,2
46,gradientboostingregressor,N,N,5.818475479289556,min_samples_split,N,2
46,gradientboostingregressor,N,N,5.818475479289556,min_weight_fraction_leaf,N,0.0
46,gradientboostingregressor,N,N,5.818475479289556,n_estimators,N,100
46,gradientboostingregressor,N,N,5.818475479289556,n_iter_no_change,N,
46,gradientboostingregressor,N,N,5.818475479289556,presort,C,auto
46,gradientboostingregressor,N,N,5.818475479289556,random_state,N,
46,gradientboostingregressor,N,N,5.818475479289556,subsample,N,0.7000000000000001
46,gradientboostingregressor,N,N,5.818475479289556,tol,N,0.0001
46,gradientboostingregressor,N,N,5.818475479289556,validation_fraction,N,0.1
46,gradientboostingregressor,N,N,5.818475479289556,verbose,N,0
46,gradientboostingregressor,N,N,5.818475479289556,warm_start,C,False
47,gradientboostingregressor,N,N,9.094275820901178,alpha,N,0.75
47,gradientboostingregressor,N,N,9.094275820901178,criterion,C,friedman_mse
47,gradientboostingregressor,N,N,9.094275820901178,init,N,
47,gradientboostingregressor,N,N,9.094275820901178,learning_rate,N,0.001
47,gradientboostingregressor,N,N,9.094275820901178,loss,C,lad
47,gradientboostingregressor,N,N,9.094275820901178,max_depth,N,10
47,gradientboostingregressor,N,N,9.094275820901178,max_features,N,0.55
47,gradientboostingregressor,N,N,9.094275820901178,max_leaf_nodes,N,
47,gradientboostingregressor,N,N,9.094275820901178,min_impurity_decrease,N,0.0
47,gradientboostingregressor,N,N,9.094275820901178,min_impurity_split,N,
47,gradientboostingregressor,N,N,9.094275820901178,min_samples_leaf,N,12
47,gradientboostingregressor,N,N,9.094275820901178,min_samples_split,N,4
47,gradientboostingregressor,N,N,9.094275820901178,min_weight_fraction_leaf,N,0.0
47,gradientboostingregressor,N,N,9.094275820901178,n_estimators,N,100
47,gradientboostingregressor,N,N,9.094275820901178,n_iter_no_change,N,
47,gradientboostingregressor,N,N,9.094275820901178,presort,C,auto
47,gradientboostingregressor,N,N,9.094275820901178,random_state,N,
47,gradientboostingregressor,N,N,9.094275820901178,subsample,N,0.3
47,gradientboostingregressor,N,N,9.094275820901178,tol,N,0.0001
47,gradientboostingregressor,N,N,9.094275820901178,validation_fraction,N,0.1
47,gradientboostingregressor,N,N,9.094275820901178,verbose,N,0
47,gradientboostingregressor,N,N,9.094275820901178,warm_start,C,False
48,gradientboostingregressor,N,N,11.981951717527414,alpha,N,0.85
48,gradientboostingregressor,N,N,11.981951717527414,criterion,C,friedman_mse
48,gradientboostingregressor,N,N,11.981951717527414,init,N,
48,gradientboostingregressor,N,N,11.981951717527414,learning_rate,N,0.001
48,gradientboostingregressor,N,N,11.981951717527414,loss,C,quantile
48,gradientboostingregressor,N,N,11.981951717527414,max_depth,N,1
48,gradientboostingregressor,N,N,11.981951717527414,max_features,N,0.8
48,gradientboostingregressor,N,N,11.981951717527414,max_leaf_nodes,N,
48,gradientboostingregressor,N,N,11.981951717527414,min_impurity_decrease,N,0.0
48,gradientboostingregressor,N,N,11.981951717527414,min_impurity_split,N,
48,gradientboostingregressor,N,N,11.981951717527414,min_samples_leaf,N,2
48,gradientboostingregressor,N,N,11.981951717527414,min_samples_split,N,2
48,gradientboostingregressor,N,N,11.981951717527414,min_weight_fraction_leaf,N,0.0
48,gradientboostingregressor,N,N,11.981951717527414,n_estimators,N,100
48,gradientboostingregressor,N,N,11.981951717527414,n_iter_no_change,N,
48,gradientboostingregressor,N,N,11.981951717527414,presort,C,auto
48,gradientboostingregressor,N,N,11.981951717527414,random_state,N,
48,gradientboostingregressor,N,N,11.981951717527414,subsample,N,0.7000000000000001
48,gradientboostingregressor,N,N,11.981951717527414,tol,N,0.0001
48,gradientboostingregressor,N,N,11.981951717527414,validation_fraction,N,0.1
48,gradientboostingregressor,N,N,11.981951717527414,verbose,N,0
48,gradientboostingregressor,N,N,11.981951717527414,warm_start,C,False
